sessionState,prevStepMs,sensorLocation,spm,stepCounter,gpsStepLength
100,1773659921693,LEFT_ANKLE,0.000000,1,0.000000
100,1773659922284,RIGHT_ANKLE,0.000000,2,0.000000
100,1773659922961,LEFT_ANKLE,0.000000,3,0.000000
100,1773659923550,RIGHT_ANKLE,0.000000,4,0.000000
100,1773659924181,LEFT_ANKLE,0.000000,5,0.000000
100,1773659924772,RIGHT_ANKLE,99.377625,6,0.000000
100,1773659925353,LEFT_ANKLE,99.492531,7,0.000000
100,1773659925939,RIGHT_ANKLE,101.926491,8,0.000000
100,1773659926570,LEFT_ANKLE,99.666359,9,0.000000
100,1773659927206,RIGHT_ANKLE,99.666359,10,0.000000
100,1773659927836,LEFT_ANKLE,97.571442,11,0.000000
100,1773659928426,RIGHT_ANKLE,97.340057,12,0.000000
100,1773659929010,LEFT_ANKLE,97.340057,13,0.000000
100,1773659929645,RIGHT_ANKLE,97.140404,14,0.000000
100,1773659930226,LEFT_ANKLE,99.890907,15,0.000000
100,1773659930817,RIGHT_ANKLE,101.985832,16,0.000000
100,1773659931448,LEFT_ANKLE,99.783241,17,0.000000
100,1773659931988,RIGHT_ANKLE,99.960083,18,0.000000
100,1773659932567,LEFT_ANKLE,102.806671,19,0.000000
100,1773659933156,RIGHT_ANKLE,102.339119,20,0.000000
100,1773659933788,LEFT_ANKLE,100.193901,21,0.000000
100,1773659934374,RIGHT_ANKLE,102.627869,22,0.000000
100,1773659935052,LEFT_ANKLE,99.731117,23,0.000000
100,1773659935641,RIGHT_ANKLE,99.557281,24,0.000000
100,1773659936225,LEFT_ANKLE,99.731117,25,0.000000
100,1773659936813,RIGHT_ANKLE,102.099152,26,0.000000
100,1773659937396,LEFT_ANKLE,102.216034,27,0.000000
100,1773659937933,RIGHT_ANKLE,102.565498,28,0.000000
100,1773659938610,LEFT_ANKLE,102.565498,29,0.000000
100,1773659939199,RIGHT_ANKLE,102.274780,30,0.000000
100,1773659939780,LEFT_ANKLE,102.684578,31,0.000000
100,1773659940321,RIGHT_ANKLE,105.347839,32,0.000000
100,1773659941001,LEFT_ANKLE,97.921364,33,0.000000
100,1773659941636,RIGHT_ANKLE,99.875328,34,0.000000
100,1773659942267,LEFT_ANKLE,97.615196,35,0.000000
100,1773659942908,RIGHT_ANKLE,94.393036,36,0.000000
100,1773659943486,LEFT_ANKLE,94.393036,37,0.000000
100,1773659944028,RIGHT_ANKLE,97.793861,38,0.000000
100,1773659944656,LEFT_ANKLE,98.144936,39,0.000000
100,1773659945198,RIGHT_ANKLE,103.349579,40,0.000000
100,1773659945874,LEFT_ANKLE,103.349579,41,0.000000
100,1773659946415,RIGHT_ANKLE,105.647865,42,0.000000
100,1773659947044,LEFT_ANKLE,100.544006,43,0.000000
100,1773659947682,RIGHT_ANKLE,100.044830,44,0.000000
100,1773659948265,LEFT_ANKLE,97.449776,45,0.000000
100,1773659948852,RIGHT_ANKLE,100.173370,46,0.000000
100,1773659949483,LEFT_ANKLE,97.563774,47,0.000000
100,1773659950072,RIGHT_ANKLE,99.723137,48,0.000000
100,1773659950702,LEFT_ANKLE,99.773438,49,0.000000
100,1773659951338,RIGHT_ANKLE,97.397606,50,0.000000
100,1773659951920,LEFT_ANKLE,97.397606,51,0.000000
100,1773659952461,RIGHT_ANKLE,100.066154,52,0.000000
100,1773659953090,LEFT_ANKLE,97.906792,53,0.000000
100,1773659953678,RIGHT_ANKLE,100.174370,54,0.000000
100,1773659954263,LEFT_ANKLE,102.565895,55,0.000000
100,1773659954902,RIGHT_ANKLE,99.998146,56,0.000000
100,1773659955528,LEFT_ANKLE,97.758995,57,0.000000
100,1773659956118,RIGHT_ANKLE,99.860802,58,0.000000
100,1773659956797,LEFT_ANKLE,97.146095,59,0.000000
100,1773659957385,RIGHT_ANKLE,97.146095,60,0.000000
100,1773659958061,LEFT_ANKLE,95.432983,61,0.000000
100,1773659958601,RIGHT_ANKLE,97.497704,62,0.000000
100,1773659959235,LEFT_ANKLE,95.145142,63,0.000000
100,1773659959821,RIGHT_ANKLE,99.689034,64,0.000000
100,1773659960403,LEFT_ANKLE,100.039696,65,0.000000
100,1773659960990,RIGHT_ANKLE,102.565498,66,0.000000
100,1773659961621,LEFT_ANKLE,99.896965,67,0.000000
100,1773659962257,RIGHT_ANKLE,99.896965,68,0.000000
100,1773659962890,LEFT_ANKLE,97.362854,69,0.000000
100,1773659963528,RIGHT_ANKLE,94.737831,70,0.000000
100,1773659964155,LEFT_ANKLE,94.737831,71,0.000000
100,1773659964748,RIGHT_ANKLE,94.940041,72,0.000000
100,1773659965330,LEFT_ANKLE,97.220314,73,0.000000
100,1773659965918,RIGHT_ANKLE,99.638344,74,0.000000
100,1773659966545,LEFT_ANKLE,99.638344,75,0.000000
100,1773659967087,RIGHT_ANKLE,102.104675,76,0.000000
100,1773659967762,LEFT_ANKLE,100.275787,77,0.000000
100,1773659968353,RIGHT_ANKLE,99.752480,78,0.000000
100,1773659968981,LEFT_ANKLE,97.586006,79,0.000000
100,1773659969573,RIGHT_ANKLE,99.471863,80,0.000000
100,1773659970249,LEFT_ANKLE,95.260551,81,0.000000
100,1773659970838,RIGHT_ANKLE,99.471863,82,0.000000
100,1773659971468,LEFT_ANKLE,97.376953,83,0.000000
100,1773659972010,RIGHT_ANKLE,99.485680,84,0.000000
100,1773659972641,LEFT_ANKLE,97.397606,85,0.000000
100,1773659973230,RIGHT_ANKLE,99.657745,86,0.000000
100,1773659973811,LEFT_ANKLE,100.125298,87,0.000000
100,1773659974397,RIGHT_ANKLE,102.508965,88,0.000000
100,1773659975026,LEFT_ANKLE,99.882050,89,0.000000
100,1773659975620,RIGHT_ANKLE,101.755585,90,0.000000
100,1773659976246,LEFT_ANKLE,99.748604,91,0.000000
100,1773659976882,RIGHT_ANKLE,97.415413,92,0.000000
100,1773659977515,LEFT_ANKLE,95.340965,93,0.000000
100,1773659978057,RIGHT_ANKLE,97.214500,94,0.000000
100,1773659978686,LEFT_ANKLE,95.340965,95,0.000000
100,1773659979228,RIGHT_ANKLE,100.292450,96,0.000000
100,1773659979859,LEFT_ANKLE,100.392586,97,0.000000
100,1773659980443,RIGHT_ANKLE,102.943443,98,0.000000
200,1773659981073,LEFT_ANKLE,97.789101,99,0.000000
200,1773659981615,RIGHT_ANKLE,102.892975,100,0.000000
200,1773659982245,LEFT_ANKLE,97.738640,101,0.000000
200,1773659982881,RIGHT_ANKLE,97.738640,102,0.000000
200,1773659983511,LEFT_ANKLE,95.238098,103,0.000000
200,1773659984100,RIGHT_ANKLE,97.447914,104,0.000000
200,1773659984778,LEFT_ANKLE,94.938606,105,0.000000
200,1773659985321,RIGHT_ANKLE,97.148438,106,0.000000
200,1773659985951,LEFT_ANKLE,97.447914,107,0.000000
200,1773659986488,RIGHT_ANKLE,102.534302,108,0.000000
200,1773659987166,LEFT_ANKLE,98.076965,109,0.000000
200,1773659987757,RIGHT_ANKLE,102.419395,110,0.000000
200,1773659988384,LEFT_ANKLE,97.484901,111,0.000000
200,1773659988928,RIGHT_ANKLE,102.503578,112,0.000000
200,1773659989603,LEFT_ANKLE,95.368507,113,0.000000
200,1773659990240,RIGHT_ANKLE,97.136047,114,0.000000
200,1773659990877,LEFT_ANKLE,94.692268,115,0.000000
200,1773659991509,RIGHT_ANKLE,94.439919,116,0.000000
200,1773659992138,LEFT_ANKLE,94.439919,117,0.000000
200,1773659992680,RIGHT_ANKLE,94.839241,118,0.000000
200,1773659993357,LEFT_ANKLE,94.839241,119,0.000000
200,1773659993903,RIGHT_ANKLE,100.072105,120,0.000000
200,1773659994575,LEFT_ANKLE,98.188438,121,0.000000
200,1773659995167,RIGHT_ANKLE,100.175720,122,0.000000
200,1773659995798,LEFT_ANKLE,95.241417,123,0.000000
200,1773659996439,RIGHT_ANKLE,96.680756,124,0.000000
200,1773659997016,LEFT_ANKLE,96.680756,125,0.000000
200,1773659997653,RIGHT_ANKLE,96.876678,126,0.000000
200,1773659998330,LEFT_ANKLE,94.294136,127,0.000000
200,1773659998919,RIGHT_ANKLE,96.554283,128,0.000000
200,1773659999551,LEFT_ANKLE,96.998596,129,0.000000
200,1773660000093,RIGHT_ANKLE,96.998596,130,0.000000
200,1773660000766,LEFT_ANKLE,95.319115,131,0.000000
200,1773660001308,RIGHT_ANKLE,102.501793,132,0.000000
200,1773660001936,LEFT_ANKLE,100.393074,133,0.000000
200,1773660002526,RIGHT_ANKLE,102.645813,134,0.000000
200,1773660003157,LEFT_ANKLE,97.441162,135,0.000000
200,1773660003753,RIGHT_ANKLE,99.302490,136,0.000000
200,1773660004426,LEFT_ANKLE,97.099907,137,0.000000
200,1773660005060,RIGHT_ANKLE,96.798515,138,0.000000
200,1773660005695,LEFT_ANKLE,94.737526,139,0.000000
200,1773660006280,RIGHT_ANKLE,96.598854,140,0.000000
200,1773660006912,LEFT_ANKLE,94.687378,141,0.000000
200,1773660007499,RIGHT_ANKLE,97.262856,142,0.000000
200,1773660008130,LEFT_ANKLE,97.412842,143,0.000000
200,1773660008723,RIGHT_ANKLE,99.494087,144,0.000000
200,1773660009352,LEFT_ANKLE,97.219032,145,0.000000
200,1773660009936,RIGHT_ANKLE,99.594872,146,0.000000
200,1773660010569,LEFT_ANKLE,97.219032,147,0.000000
200,1773660011203,RIGHT_ANKLE,97.118896,148,0.000000
200,1773660011883,LEFT_ANKLE,94.937813,149,0.000000
200,1773660012471,RIGHT_ANKLE,97.154930,150,0.000000
200,1773660013107,LEFT_ANKLE,94.587852,151,0.000000
200,1773660013737,RIGHT_ANKLE,94.738312,152,0.000000
200,1773660014368,LEFT_ANKLE,94.888298,153,0.000000
200,1773660014961,RIGHT_ANKLE,97.168556,154,0.000000
200,1773660015640,LEFT_ANKLE,94.888298,155,0.000000
200,1773660016232,RIGHT_ANKLE,97.168556,156,0.000000
200,1773660016856,LEFT_ANKLE,97.473816,157,0.000000
200,1773660017493,RIGHT_ANKLE,97.175270,158,0.000000
200,1773660018122,LEFT_ANKLE,95.244957,159,0.000000
200,1773660018758,RIGHT_ANKLE,95.294319,160,0.000000
200,1773660019441,LEFT_ANKLE,94.640221,161,0.000000
200,1773660020032,RIGHT_ANKLE,94.640221,162,0.000000
200,1773660020707,LEFT_ANKLE,92.872673,163,0.000000
200,1773660021249,RIGHT_ANKLE,94.917114,164,0.000000
200,1773660021876,LEFT_ANKLE,95.368507,165,0.000000
200,1773660022418,RIGHT_ANKLE,102.639244,166,0.000000
200,1773660023095,LEFT_ANKLE,98.427925,167,0.000000
200,1773660023642,RIGHT_ANKLE,105.361366,168,0.000000
200,1773660024322,LEFT_ANKLE,98.003090,169,0.000000
200,1773660024901,RIGHT_ANKLE,100.647484,170,0.000000
200,1773660025580,LEFT_ANKLE,93.539490,171,0.000000
200,1773660026170,RIGHT_ANKLE,97.895699,172,0.000000
200,1773660026853,LEFT_ANKLE,92.765144,173,0.000000
200,1773660027444,RIGHT_ANKLE,97.194336,174,0.000000
200,1773660028118,LEFT_ANKLE,92.969627,175,0.000000
200,1773660028657,RIGHT_ANKLE,97.412842,176,0.000000
200,1773660029286,LEFT_ANKLE,95.311035,177,0.000000
200,1773660029876,RIGHT_ANKLE,99.535759,178,0.000000
200,1773660030560,LEFT_ANKLE,95.368401,179,0.000000
200,1773660031098,RIGHT_ANKLE,102.800560,180,0.000000
200,1773660031723,LEFT_ANKLE,97.694801,181,0.000000
200,1773660032312,RIGHT_ANKLE,99.854164,182,0.000000
200,1773660032944,LEFT_ANKLE,97.601418,183,0.000000
200,1773660033581,RIGHT_ANKLE,97.601418,184,0.000000
200,1773660034211,LEFT_ANKLE,95.391602,185,0.000000
200,1773660034800,RIGHT_ANKLE,97.347450,186,0.000000
200,1773660035436,LEFT_ANKLE,94.838142,187,0.000000
200,1773660036118,RIGHT_ANKLE,94.589745,188,0.000000
200,1773660036793,LEFT_ANKLE,92.822205,189,0.000000
200,1773660037435,RIGHT_ANKLE,92.228821,190,0.000000
200,1773660038064,LEFT_ANKLE,92.228821,191,0.000000
200,1773660038758,RIGHT_ANKLE,90.107788,192,0.000000
200,1773660039280,LEFT_ANKLE,92.578773,193,0.000000
200,1773660039871,RIGHT_ANKLE,96.790100,194,0.000000
200,1773660040549,LEFT_ANKLE,95.135963,195,0.000000
200,1773660041142,RIGHT_ANKLE,97.066284,196,0.000000
200,1773660041820,LEFT_ANKLE,97.066284,197,0.000000
200,1773660042456,RIGHT_ANKLE,94.671875,198,0.000000
200,1773660043133,LEFT_ANKLE,90.487160,199,0.000000
200,1773660043770,RIGHT_ANKLE,92.385811,200,0.000000
200,1773660044352,LEFT_ANKLE,92.385811,201,0.000000
200,1773660044945,RIGHT_ANKLE,96.570526,202,0.000000
200,1773660045617,LEFT_ANKLE,94.885887,203,0.000000
200,1773660046206,RIGHT_ANKLE,99.079834,204,0.000000
200,1773660046839,LEFT_ANKLE,99.278236,205,0.000000
200,1773660047427,RIGHT_ANKLE,99.278236,206,0.000000
200,1773660048057,LEFT_ANKLE,97.297462,207,0.000000
200,1773660048692,RIGHT_ANKLE,97.297462,208,0.000000
200,1773660049323,LEFT_ANKLE,95.037331,209,0.000000
200,1773660049960,RIGHT_ANKLE,94.937813,210,0.000000
200,1773660050638,LEFT_ANKLE,94.588959,211,0.000000
200,1773660051229,RIGHT_ANKLE,94.588959,212,0.000000
200,1773660051956,LEFT_ANKLE,92.591423,213,0.000000
200,1773660052495,RIGHT_ANKLE,94.736656,214,0.000000
200,1773660053174,LEFT_ANKLE,92.794556,215,0.000000
200,1773660053765,RIGHT_ANKLE,97.136986,216,0.000000
200,1773660054392,LEFT_ANKLE,95.193947,217,0.000000
200,1773660054983,RIGHT_ANKLE,99.579811,218,0.000000
200,1773660055612,LEFT_ANKLE,97.535378,219,0.000000
200,1773660056253,RIGHT_ANKLE,97.535378,220,0.000000
200,1773660056882,LEFT_ANKLE,95.490929,221,0.000000
200,1773660057563,RIGHT_ANKLE,94.794250,222,0.000000
200,1773660058202,LEFT_ANKLE,94.296654,223,0.000000
200,1773660058838,RIGHT_ANKLE,93.946693,224,0.000000
200,1773660059461,LEFT_ANKLE,94.541939,225,0.000000
200,1773660060102,RIGHT_ANKLE,93.946693,226,0.000000
200,1773660060685,LEFT_ANKLE,94.848175,227,0.000000
200,1773660061323,RIGHT_ANKLE,94.897240,228,0.000000
200,1773660061948,LEFT_ANKLE,95.450691,229,0.000000
200,1773660062490,RIGHT_ANKLE,97.653282,230,0.000000
200,1773660063128,LEFT_ANKLE,97.653282,231,0.000000
200,1773660063760,RIGHT_ANKLE,94.993530,232,0.000000
200,1773660064386,LEFT_ANKLE,95.594452,233,0.000000
200,1773660065025,RIGHT_ANKLE,94.942413,234,0.000000
200,1773660065755,LEFT_ANKLE,94.292442,235,0.000000
200,1773660066347,RIGHT_ANKLE,94.893349,236,0.000000
200,1773660067018,LEFT_ANKLE,93.054047,237,0.000000
200,1773660067614,RIGHT_ANKLE,94.662209,238,0.000000
200,1773660068288,LEFT_ANKLE,93.036896,239,0.000000
200,1773660068925,RIGHT_ANKLE,94.760475,240,0.000000
200,1773660069603,LEFT_ANKLE,90.877022,241,0.000000
200,1773660070191,RIGHT_ANKLE,94.627808,242,0.000000
200,1773660070870,LEFT_ANKLE,90.569298,243,0.000000
200,1773660071462,RIGHT_ANKLE,94.679482,244,0.000000
200,1773660072138,LEFT_ANKLE,92.868103,245,0.000000
200,1773660072776,RIGHT_ANKLE,94.717537,246,0.000000
200,1773660073506,LEFT_ANKLE,90.388832,247,0.000000
200,1773660074093,RIGHT_ANKLE,94.717537,248,0.000000
200,1773660074771,LEFT_ANKLE,90.432281,249,0.000000
200,1773660075361,RIGHT_ANKLE,94.744789,250,0.000000
200,1773660076040,LEFT_ANKLE,92.851906,251,0.000000
200,1773660076628,RIGHT_ANKLE,97.410439,252,0.000000
200,1773660077309,LEFT_ANKLE,92.851906,253,0.000000
200,1773660077898,RIGHT_ANKLE,97.309242,254,0.000000
200,1773660078576,LEFT_ANKLE,92.909462,255,0.000000
200,1773660079162,RIGHT_ANKLE,97.467987,256,0.000000
200,1773660079841,LEFT_ANKLE,92.909462,257,0.000000
200,1773660080483,RIGHT_ANKLE,94.607033,258,0.000000
200,1773660081158,LEFT_ANKLE,90.280800,259,0.000000
200,1773660081843,RIGHT_ANKLE,90.237358,260,0.000000
200,1773660082524,LEFT_ANKLE,88.453285,261,0.000000
200,1773660083111,RIGHT_ANKLE,90.150856,262,0.000000
200,1773660083792,LEFT_ANKLE,88.366783,263,0.000000
200,1773660084378,RIGHT_ANKLE,92.808708,264,0.000000
200,1773660085056,LEFT_ANKLE,92.938652,265,0.000000
200,1773660085649,RIGHT_ANKLE,97.296883,266,0.000000
200,1773660086323,LEFT_ANKLE,92.898926,267,0.000000
200,1773660086913,RIGHT_ANKLE,97.298706,268,0.000000
200,1773660087591,LEFT_ANKLE,92.898926,269,0.000000
200,1773660088228,RIGHT_ANKLE,94.797577,270,0.000000
200,1773660088907,LEFT_ANKLE,90.569298,271,0.000000
200,1773660089546,RIGHT_ANKLE,92.194603,272,0.000000
200,1773660090222,LEFT_ANKLE,90.383217,273,0.000000
200,1773660090815,RIGHT_ANKLE,92.281883,274,0.000000
200,1773660091493,LEFT_ANKLE,90.383217,275,0.000000
200,1773660092130,RIGHT_ANKLE,92.281883,276,0.000000
200,1773660092762,LEFT_ANKLE,92.628540,277,0.000000
200,1773660093351,RIGHT_ANKLE,96.769554,278,0.000000
200,1773660094033,LEFT_ANKLE,92.541267,279,0.000000
200,1773660094667,RIGHT_ANKLE,94.588478,280,0.000000
200,1773660095296,LEFT_ANKLE,94.987816,281,0.000000
200,1773660095984,RIGHT_ANKLE,92.667755,282,0.000000
200,1773660096661,LEFT_ANKLE,90.413353,283,0.000000
200,1773660097296,RIGHT_ANKLE,92.583900,284,0.000000
200,1773660097977,LEFT_ANKLE,90.406738,285,0.000000
200,1773660098612,RIGHT_ANKLE,90.406738,286,0.000000
200,1773660099242,LEFT_ANKLE,92.534218,287,0.000000
200,1773660099879,RIGHT_ANKLE,94.389305,288,0.000000
200,1773660100561,LEFT_ANKLE,92.261810,289,0.000000
200,1773660101100,RIGHT_ANKLE,94.639275,290,0.000000
200,1773660101732,LEFT_ANKLE,94.788780,291,0.000000
200,1773660102318,RIGHT_ANKLE,97.172432,292,0.000000
200,1773660102998,LEFT_ANKLE,95.187019,293,0.000000
200,1773660103636,RIGHT_ANKLE,97.123222,294,0.000000
200,1773660104313,LEFT_ANKLE,92.535622,295,0.000000
200,1773660104902,RIGHT_ANKLE,94.845909,296,0.000000
200,1773660105582,LEFT_ANKLE,90.301819,297,0.000000
200,1773660106173,RIGHT_ANKLE,94.730995,298,0.000000
200,1773660106848,LEFT_ANKLE,93.012672,299,0.000000
200,1773660107438,RIGHT_ANKLE,97.368874,300,0.000000
200,1773660108115,LEFT_ANKLE,93.012672,301,0.000000
200,1773660108707,RIGHT_ANKLE,97.254356,302,0.000000
200,1773660109335,LEFT_ANKLE,95.260551,303,0.000000
200,1773660110022,RIGHT_ANKLE,95.173012,304,0.000000
200,1773660110650,LEFT_ANKLE,93.236366,305,0.000000
200,1773660111287,RIGHT_ANKLE,95.091438,306,0.000000
200,1773660111966,LEFT_ANKLE,92.699394,307,0.000000
200,1773660112555,RIGHT_ANKLE,92.699394,308,0.000000
200,1773660113236,LEFT_ANKLE,92.699394,309,0.000000
200,1773660113822,RIGHT_ANKLE,94.808105,310,0.000000
200,1773660114505,LEFT_ANKLE,92.779518,311,0.000000
200,1773660115091,RIGHT_ANKLE,97.454124,312,0.000000
200,1773660115722,LEFT_ANKLE,95.193993,313,0.000000
200,1773660116358,RIGHT_ANKLE,97.271950,314,0.000000
200,1773660116991,LEFT_ANKLE,94.737831,315,0.000000
200,1773660117626,RIGHT_ANKLE,94.787361,316,0.000000
200,1773660118303,LEFT_ANKLE,94.538185,317,0.000000
200,1773660118942,RIGHT_ANKLE,94.241508,318,0.000000
200,1773660119619,LEFT_ANKLE,92.337067,319,0.000000
200,1773660120257,RIGHT_ANKLE,92.188965,320,0.000000
200,1773660120890,LEFT_ANKLE,92.188965,321,0.000000
200,1773660121478,RIGHT_ANKLE,94.242439,322,0.000000
200,1773660122204,LEFT_ANKLE,92.485634,323,0.000000
200,1773660122793,RIGHT_ANKLE,96.899391,324,0.000000
200,1773660123472,LEFT_ANKLE,95.006508,325,0.000000
200,1773660124013,RIGHT_ANKLE,97.424538,326,0.000000
200,1773660124690,LEFT_ANKLE,92.953033,327,0.000000
200,1773660125329,RIGHT_ANKLE,94.796852,328,0.000000
200,1773660126006,LEFT_ANKLE,90.383095,329,0.000000
200,1773660126644,RIGHT_ANKLE,92.188965,330,0.000000
200,1773660127323,LEFT_ANKLE,90.383095,331,0.000000
200,1773660127961,RIGHT_ANKLE,92.188965,332,0.000000
200,1773660128593,LEFT_ANKLE,92.238014,333,0.000000
200,1773660129183,RIGHT_ANKLE,94.341492,334,0.000000
200,1773660129858,LEFT_ANKLE,92.623161,335,0.000000
200,1773660130451,RIGHT_ANKLE,96.720337,336,0.000000
200,1773660131174,LEFT_ANKLE,95.002014,337,0.000000
200,1773660131718,RIGHT_ANKLE,97.254738,338,0.000000
200,1773660132391,LEFT_ANKLE,93.074120,339,0.000000
200,1773660132983,RIGHT_ANKLE,97.228271,340,0.000000
200,1773660133661,LEFT_ANKLE,92.999992,341,0.000000
200,1773660134298,RIGHT_ANKLE,94.898643,342,0.000000
200,1773660134978,LEFT_ANKLE,90.613380,343,0.000000
200,1773660135615,RIGHT_ANKLE,92.292877,344,0.000000
200,1773660136243,LEFT_ANKLE,92.292877,345,0.000000
200,1773660136835,RIGHT_ANKLE,94.641479,346,0.000000
200,1773660137513,LEFT_ANKLE,92.742836,347,0.000000
200,1773660138056,RIGHT_ANKLE,97.028099,348,0.000000
200,1773660138731,LEFT_ANKLE,95.260551,349,0.000000
200,1773660139368,RIGHT_ANKLE,94.810585,350,0.000000
200,1773660139956,LEFT_ANKLE,95.040405,351,0.000000
200,1773660140684,RIGHT_ANKLE,95.040405,352,0.000000
200,1773660141312,LEFT_ANKLE,92.873940,353,0.000000
200,1773660141951,RIGHT_ANKLE,94.543213,354,0.000000
200,1773660142582,LEFT_ANKLE,94.841766,355,0.000000
200,1773660143172,RIGHT_ANKLE,94.841766,356,0.000000
200,1773660143896,LEFT_ANKLE,94.841766,357,0.000000
200,1773660144437,RIGHT_ANKLE,96.892937,358,0.000000
200,1773660145069,LEFT_ANKLE,97.239594,359,0.000000
200,1773660145656,RIGHT_ANKLE,99.615425,360,0.000000
200,1773660146336,LEFT_ANKLE,95.128883,361,0.000000
200,1773660146926,RIGHT_ANKLE,99.615425,362,0.000000
200,1773660147602,LEFT_ANKLE,95.129669,363,0.000000
200,1773660148197,RIGHT_ANKLE,97.097557,364,0.000000
200,1773660148871,LEFT_ANKLE,92.872833,365,0.000000
200,1773660149510,RIGHT_ANKLE,94.585938,366,0.000000
200,1773660150186,LEFT_ANKLE,90.558289,367,0.000000
200,1773660150780,RIGHT_ANKLE,94.585938,368,0.000000
200,1773660151458,LEFT_ANKLE,90.558289,369,0.000000
200,1773660152046,RIGHT_ANKLE,94.554741,370,0.000000
200,1773660152722,LEFT_ANKLE,92.841637,371,0.000000
200,1773660153312,RIGHT_ANKLE,97.154137,372,0.000000
200,1773660153941,LEFT_ANKLE,95.280602,373,0.000000
200,1773660154577,RIGHT_ANKLE,97.141350,374,0.000000
200,1773660155256,LEFT_ANKLE,92.828835,375,0.000000
200,1773660155850,RIGHT_ANKLE,96.913078,376,0.000000
200,1773660156527,LEFT_ANKLE,92.785133,377,0.000000
200,1773660157162,RIGHT_ANKLE,92.484703,378,0.000000
200,1773660157840,LEFT_ANKLE,90.536682,379,0.000000
200,1773660159303,LEFT_ANKLE,90.536682,380,0.000000
200,1773660159892,RIGHT_ANKLE,90.536682,381,0.000000
200,1773660160570,LEFT_ANKLE,90.493111,382,0.000000
200,1773660161162,RIGHT_ANKLE,92.780830,383,0.000000
200,1773660161837,LEFT_ANKLE,92.911934,384,0.000000
200,1773660162428,RIGHT_ANKLE,97.254356,385,0.000000
200,1773660163058,LEFT_ANKLE,95.159447,386,0.000000
200,1773660163694,RIGHT_ANKLE,96.976357,387,0.000000
200,1773660164374,LEFT_ANKLE,92.822205,388,0.000000
200,1773660165062,RIGHT_ANKLE,92.604340,389,0.000000
200,1773660165786,LEFT_ANKLE,89.928070,390,0.000000
200,1773660166430,RIGHT_ANKLE,89.537437,391,0.000000
200,1773660167103,LEFT_ANKLE,88.199219,392,0.000000
200,1773660167695,RIGHT_ANKLE,89.843353,393,0.000000
200,1773660168371,LEFT_ANKLE,90.359375,394,0.000000
200,1773660169008,RIGHT_ANKLE,92.170753,395,0.000000
200,1773660169686,LEFT_ANKLE,90.700653,396,0.000000
200,1773660170374,RIGHT_ANKLE,90.481499,397,0.000000
200,1773660171006,LEFT_ANKLE,90.481499,398,0.000000
200,1773660171688,RIGHT_ANKLE,90.221214,399,0.000000
200,1773660172368,LEFT_ANKLE,88.235802,400,0.000000
200,1773660173209,RIGHT_ANKLE,87.807045,401,0.000000
200,1773660173832,LEFT_ANKLE,90.382843,402,0.000000
200,1773660174469,RIGHT_ANKLE,90.134453,403,0.000000
200,1773660175195,LEFT_ANKLE,88.357147,404,0.000000
200,1773660175790,RIGHT_ANKLE,91.048119,405,0.000000
200,1773660176462,LEFT_ANKLE,93.261810,406,0.000000
200,1773660177101,RIGHT_ANKLE,92.457985,407,0.000000
200,1773660177876,LEFT_ANKLE,88.609016,408,0.000000
200,1773660178466,RIGHT_ANKLE,94.674255,409,0.000000
200,1773660179145,LEFT_ANKLE,90.515892,410,0.000000
200,1773660179829,RIGHT_ANKLE,89.993752,411,0.000000
200,1773660180509,LEFT_ANKLE,88.106606,412,0.000000
200,1773660181202,RIGHT_ANKLE,88.106606,413,0.000000
200,1773660181876,LEFT_ANKLE,88.106606,414,0.000000
200,1773660182561,RIGHT_ANKLE,87.848610,415,0.000000
200,1773660183246,LEFT_ANKLE,87.805931,416,0.000000
200,1773660183877,RIGHT_ANKLE,88.067749,417,0.000000
200,1773660184508,LEFT_ANKLE,90.566399,418,0.000000
200,1773660185097,RIGHT_ANKLE,92.588524,419,0.000000
200,1773660185776,LEFT_ANKLE,92.846527,420,0.000000
200,1773660186365,RIGHT_ANKLE,97.347298,421,0.000000
200,1773660187090,LEFT_ANKLE,95.106659,422,0.000000
200,1773660187730,RIGHT_ANKLE,94.660927,423,0.000000
200,1773660188408,LEFT_ANKLE,90.203606,424,0.000000
200,1773660189093,RIGHT_ANKLE,89.945610,425,0.000000
200,1773660189772,LEFT_ANKLE,88.150688,426,0.000000
200,1773660190408,RIGHT_ANKLE,90.203606,427,0.000000
200,1773660191089,LEFT_ANKLE,88.322182,428,0.000000
200,1773660191726,RIGHT_ANKLE,90.220833,429,0.000000
200,1773660192404,LEFT_ANKLE,90.350777,430,0.000000
200,1773660193042,RIGHT_ANKLE,92.243660,431,0.000000
200,1773660193672,LEFT_ANKLE,92.243660,432,0.000000
200,1773660194311,RIGHT_ANKLE,94.044037,433,0.000000
200,1773660194991,LEFT_ANKLE,92.145386,434,0.000000
200,1773660195676,RIGHT_ANKLE,92.058632,435,0.000000
200,1773660196401,LEFT_ANKLE,89.907753,436,0.000000
200,1773660197089,RIGHT_ANKLE,87.678612,437,0.000000
200,1773660197766,LEFT_ANKLE,87.678612,438,0.000000
200,1773660198453,RIGHT_ANKLE,87.378929,439,0.000000
200,1773660199083,LEFT_ANKLE,87.723946,440,0.000000
200,1773660199722,RIGHT_ANKLE,89.953087,441,0.000000
200,1773660200403,LEFT_ANKLE,90.209572,442,0.000000
200,1773660200990,RIGHT_ANKLE,92.413513,443,0.000000
200,1773660201715,LEFT_ANKLE,92.413513,444,0.000000
200,1773660202305,RIGHT_ANKLE,94.565788,445,0.000000
200,1773660203032,LEFT_ANKLE,90.853088,446,0.000000
200,1773660203721,RIGHT_ANKLE,90.512085,447,0.000000
200,1773660204396,LEFT_ANKLE,86.243408,448,0.000000
200,1773660205082,RIGHT_ANKLE,87.811729,449,0.000000
200,1773660205762,LEFT_ANKLE,87.593849,450,0.000000
200,1773660206401,RIGHT_ANKLE,88.195915,451,0.000000
200,1773660207079,LEFT_ANKLE,88.539917,452,0.000000
200,1773660207719,RIGHT_ANKLE,90.160286,453,0.000000
200,1773660208393,LEFT_ANKLE,90.422119,454,0.000000
200,1773660208986,RIGHT_ANKLE,92.222496,455,0.000000
200,1773660209758,LEFT_ANKLE,90.422119,456,0.000000
200,1773660210353,RIGHT_ANKLE,94.537041,457,0.000000
200,1773660211077,LEFT_ANKLE,90.911346,458,0.000000
200,1773660211810,RIGHT_ANKLE,88.522888,459,0.000000
200,1773660212442,LEFT_ANKLE,86.555016,460,0.000000
200,1773660213131,RIGHT_ANKLE,88.297455,461,0.000000
200,1773660213853,LEFT_ANKLE,84.352715,462,0.000000
200,1773660214542,RIGHT_ANKLE,85.755981,463,0.000000
200,1773660215175,LEFT_ANKLE,89.650726,464,0.000000
200,1773660215810,RIGHT_ANKLE,89.551208,465,0.000000
200,1773660216534,LEFT_ANKLE,88.224464,466,0.000000
200,1773660217128,RIGHT_ANKLE,92.119225,467,0.000000
200,1773660217851,LEFT_ANKLE,90.754150,468,0.000000
200,1773660218442,RIGHT_ANKLE,92.828613,469,0.000000
200,1773660219119,LEFT_ANKLE,90.874641,470,0.000000
200,1773660219758,RIGHT_ANKLE,94.511040,471,0.000000
200,1773660220484,LEFT_ANKLE,88.503517,472,0.000000
200,1773660221124,RIGHT_ANKLE,92.091003,473,0.000000
200,1773660221903,LEFT_ANKLE,88.340309,474,0.000000
200,1773660222487,RIGHT_ANKLE,90.097107,475,0.000000
200,1773660223261,LEFT_ANKLE,84.638000,476,0.000000
200,1773660223852,RIGHT_ANKLE,90.930748,477,0.000000
200,1773660224530,LEFT_ANKLE,89.179260,478,0.000000
200,1773660225118,RIGHT_ANKLE,97.353081,479,0.000000
200,1773660225848,LEFT_ANKLE,90.736732,480,0.000000
200,1773660226437,RIGHT_ANKLE,97.295326,481,0.000000
200,1773660227161,LEFT_ANKLE,91.078697,482,0.000000
200,1773660227849,RIGHT_ANKLE,90.649933,483,0.000000
200,1773660228625,LEFT_ANKLE,84.091331,484,0.000000
200,1773660229213,RIGHT_ANKLE,90.649933,485,0.000000
200,1773660229943,LEFT_ANKLE,84.091331,486,0.000000
200,1773660230580,RIGHT_ANKLE,87.864204,487,0.000000
200,1773660231257,LEFT_ANKLE,88.336525,488,0.000000
200,1773660231895,RIGHT_ANKLE,92.287231,489,0.000000
200,1773660232576,LEFT_ANKLE,90.258636,490,0.000000
200,1773660233263,RIGHT_ANKLE,90.258636,491,0.000000
200,1773660233894,LEFT_ANKLE,90.258636,492,0.000000
200,1773660234530,RIGHT_ANKLE,92.163078,493,0.000000
200,1773660235255,LEFT_ANKLE,89.927193,494,0.000000
200,1773660235846,RIGHT_ANKLE,92.254341,495,0.000000
200,1773660236620,LEFT_ANKLE,90.728462,496,0.000000
200,1773660237258,RIGHT_ANKLE,90.380707,497,0.000000
200,1773660238036,LEFT_ANKLE,84.773964,498,0.000000
200,1773660238629,RIGHT_ANKLE,90.914574,499,0.000000
200,1773660239398,LEFT_ANKLE,83.195557,500,0.000000
200,1773660239988,RIGHT_ANKLE,91.082581,501,0.000000
200,1773660240714,LEFT_ANKLE,87.282814,502,0.000000
200,1773660241306,RIGHT_ANKLE,95.058807,503,0.000000
200,1773660241985,LEFT_ANKLE,90.787071,504,0.000000
200,1773660242623,RIGHT_ANKLE,94.586823,505,0.000000
200,1773660243352,LEFT_ANKLE,88.351257,506,0.000000
200,1773660244034,RIGHT_ANKLE,90.128563,507,0.000000
200,1773660244761,LEFT_ANKLE,86.290916,508,0.000000
200,1773660245451,RIGHT_ANKLE,85.821342,509,0.000000
200,1773660246131,LEFT_ANKLE,85.821342,510,0.000000
200,1773660246814,RIGHT_ANKLE,87.593597,511,0.000000
200,1773660247493,LEFT_ANKLE,87.679848,512,0.000000
200,1773660248130,RIGHT_ANKLE,88.149422,513,0.000000
200,1773660248808,LEFT_ANKLE,88.365364,514,0.000000
200,1773660249447,RIGHT_ANKLE,90.252502,515,0.000000
200,1773660250125,LEFT_ANKLE,90.295959,516,0.000000
200,1773660250761,RIGHT_ANKLE,92.194603,517,0.000000
200,1773660251494,LEFT_ANKLE,90.295959,518,0.000000
200,1773660252128,RIGHT_ANKLE,92.243965,519,0.000000
200,1773660252901,LEFT_ANKLE,88.230194,520,0.000000
200,1773660253590,RIGHT_ANKLE,87.759247,521,0.000000
200,1773660254268,LEFT_ANKLE,85.811226,522,0.000000
200,1773660254953,RIGHT_ANKLE,87.723183,523,0.000000
200,1773660255683,LEFT_ANKLE,85.621918,524,0.000000
200,1773660256271,RIGHT_ANKLE,87.723183,525,0.000000
200,1773660257047,LEFT_ANKLE,86.092865,526,0.000000
200,1773660257641,RIGHT_ANKLE,90.264374,527,0.000000
200,1773660258366,LEFT_ANKLE,88.653503,528,0.000000
200,1773660259002,RIGHT_ANKLE,92.702782,529,0.000000
200,1773660259731,LEFT_ANKLE,86.467590,530,0.000000
200,1773660260369,RIGHT_ANKLE,90.380707,531,0.000000
200,1773660261142,LEFT_ANKLE,86.369011,532,0.000000
200,1773660261829,RIGHT_ANKLE,87.894890,533,0.000000
200,1773660262555,LEFT_ANKLE,84.095131,534,0.000000
200,1773660263242,RIGHT_ANKLE,85.772369,535,0.000000
200,1773660263971,LEFT_ANKLE,84.095131,536,0.000000
200,1773660264606,RIGHT_ANKLE,85.772369,537,0.000000
200,1773660265338,LEFT_ANKLE,84.095131,538,0.000000
200,1773660266022,RIGHT_ANKLE,85.786690,539,0.000000
200,1773660266698,LEFT_ANKLE,86.260406,540,0.000000
200,1773660267293,RIGHT_ANKLE,90.321625,541,0.000000
200,1773660268016,LEFT_ANKLE,86.488075,542,0.000000
200,1773660268749,RIGHT_ANKLE,86.488075,543,0.000000
200,1773660269383,LEFT_ANKLE,88.794044,544,0.000000
200,1773660270117,RIGHT_ANKLE,86.493385,545,0.000000
200,1773660270845,LEFT_ANKLE,82.420174,546,0.000000
200,1773660271532,RIGHT_ANKLE,83.869743,547,0.000000
200,1773660272257,LEFT_ANKLE,84.170815,548,0.000000
200,1773660272895,RIGHT_ANKLE,84.170815,549,0.000000
200,1773660273671,LEFT_ANKLE,84.170815,550,0.000000
200,1773660274308,RIGHT_ANKLE,88.046242,551,0.000000
200,1773660274986,LEFT_ANKLE,88.432701,552,0.000000
200,1773660275625,RIGHT_ANKLE,92.145386,553,0.000000
200,1773660276352,LEFT_ANKLE,88.307739,554,0.000000
200,1773660276989,RIGHT_ANKLE,92.194603,555,0.000000
200,1773660277716,LEFT_ANKLE,88.307739,556,0.000000
200,1773660278404,RIGHT_ANKLE,87.878990,557,0.000000
200,1773660279131,LEFT_ANKLE,84.090401,558,0.000000
200,1773660279766,RIGHT_ANKLE,87.977264,559,0.000000
200,1773660280453,LEFT_ANKLE,85.692169,560,0.000000
200,1773660281085,RIGHT_ANKLE,89.677917,561,0.000000
200,1773660281863,LEFT_ANKLE,88.118462,562,0.000000
200,1773660282499,RIGHT_ANKLE,92.054688,563,0.000000
900,1773660283224,LEFT_ANKLE,88.144829,564,0.000000
900,1773660283863,RIGHT_ANKLE,90.331657,565,0.000000
900,1773660284592,LEFT_ANKLE,86.319946,566,0.000000
900,1773660285179,RIGHT_ANKLE,90.331657,567,0.000000
900,1773660285905,LEFT_ANKLE,86.433327,568,0.000000
900,1773660286494,RIGHT_ANKLE,92.802979,569,0.000000
900,1773660287319,LEFT_ANKLE,88.938904,570,0.000000
900,1773660288053,RIGHT_ANKLE,88.752014,571,0.000000
